time,y
1,100.212110255245
4,98.826068162928
7,101.8526845712
10,106.674412236738
13,105.253266306881
16,105.725607990279
19,107.590933020211
22,112.966099201488
25,110.059791114029
28,109.097966224018
31,114.093999876412
34,117.376492217022
37,116.584480291324
40,113.41320542017
43,119.00471938637
46,122.529760445808
49,118.496786650761
52,117.564372978165
55,123.664640332839
58,126.413889793921
61,125.641623555815
